episode,team_reward,length
1,-46.673774324371614,25
2,-59.90536312019748,25
3,-26.495692120339804,25
4,-54.495220876088915,25
5,-25.046678043908898,25
6,-25.740943411084267,25
7,-50.39399235784155,25
8,-35.595596300684115,25
9,-42.89350387932902,25
10,-37.6577179609813,25
11,-37.74335273354878,25
12,-47.96301143142267,25
13,-35.34282642669033,25
14,-44.173796943957264,25
15,-54.00419865731376,25
16,-43.57002105925524,25
17,-36.65895688246393,25
18,-62.21891083131513,25
19,-43.916029104709644,25
20,-44.01071577984513,25
21,-28.435222015938205,25
22,-34.995873879732336,25
23,-36.89451724309782,25
24,-24.549718009329503,25
25,-33.241768487382956,25
26,-37.00659846629538,25
27,-40.95660096925998,25
28,-38.21628903588924,25
29,-44.623620319740034,25
30,-26.995307898390724,25
31,-43.59661249270854,25
32,-43.38481580290815,25
33,-42.13941862036412,25
34,-24.748341091791247,25
35,-35.43460926112924,25
36,-50.63627070196088,25
37,-42.305533179665396,25
38,-22.327402012498098,25
39,-43.257470184788154,25
40,-50.84169156422693,25
41,-39.411981909051576,25
42,-38.51121345844414,25
43,-48.27769998140718,25
44,-63.51372236813532,25
45,-42.59773131479099,25
46,-33.411904115061205,25
47,-40.085823633687575,25
48,-28.300784326122606,25
49,-30.732518081370664,25
50,-40.01222354218006,25
51,-42.2574498885822,25
52,-21.835252590457834,25
53,-27.420319107245746,25
54,-35.5465317617784,25
55,-46.19300284299711,25
56,-38.95159557783141,25
57,-42.75607174074966,25
58,-29.949484768666238,25
59,-24.69010039182018,25
60,-35.73536038590627,25
61,-41.95959828743508,25
62,-42.59520080542785,25
63,-31.923867702890576,25
64,-45.820900753436675,25
65,-43.88608657857044,25
66,-31.469473085235908,25
67,-32.67133805884947,25
68,-31.58216666750185,25
69,-38.41124336758367,25
70,-52.489254509564994,25
71,-34.452599775402625,25
72,-43.8785743504459,25
73,-40.7692081802525,25
74,-52.613250914209985,25
75,-39.18308951039226,25
76,-45.09766626397548,25
77,-84.24316267829258,25
78,-32.94336272602134,25
79,-23.38382641907568,25
80,-45.16797164949848,25
81,-45.82753115714252,25
82,-38.93249827939597,25
83,-54.43624086024547,25
84,-55.1623220257877,25
85,-31.26437234261826,25
86,-42.98762404515294,25
87,-55.23471915351299,25
88,-49.681826888082924,25
89,-31.127470226960227,25
90,-53.702788555810145,25
91,-33.376993620132204,25
92,-54.599804434188655,25
93,-55.232099655170146,25
94,-42.73615588163499,25
95,-29.393608228051306,25
96,-39.465698214294115,25
97,-52.44941370715324,25
98,-45.60558251410467,25
99,-48.36917832863297,25
100,-58.52118535907319,25
101,-37.15674695903766,25
102,-54.866709807066975,25
103,-24.35310301395703,25
104,-35.44583230856845,25
105,-46.71420797665207,25
106,-42.43808535322256,25
107,-42.34283940936534,25
108,-49.27186092731425,25
109,-34.25253914024898,25
110,-44.22207266892965,25
111,-36.6322461549798,25
112,-48.95289039643365,25
113,-45.32096918030472,25
114,-48.41431577155446,25
115,-56.177218651429754,25
116,-46.63200064319315,25
117,-37.37067337178846,25
118,-41.5591970993324,25
119,-42.11149842267619,25
120,-41.882289357228416,25
121,-54.724668462996966,25
122,-67.33439471413097,25
123,-34.29603625436599,25
124,-49.208715566816466,25
125,-23.17583786407097,25
126,-42.28464567123472,25
127,-41.23601261685468,25
128,-56.70799727760227,25
129,-56.47576699051396,25
130,-41.739419802738404,25
131,-45.55428748497465,25
132,-81.45853693081429,25
133,-64.20343879016724,25
134,-38.49806948617641,25
135,-50.217870563862675,25
136,-34.932113508505275,25
137,-36.81785909737688,25
138,-29.897202083130452,25
139,-58.801247863220325,25
140,-44.33380092654332,25
141,-31.44678202949515,25
142,-42.76051803283006,25
143,-33.38678129705018,25
144,-39.388778779743284,25
145,-49.80731423026607,25
146,-54.805073220872615,25
147,-39.93341548884696,25
148,-74.58883323287994,25
149,-53.502701028815835,25
150,-47.112255098087445,25
151,-35.543486383064085,25
152,-38.77530343191697,25
153,-35.01183552089319,25
154,-48.29143506390795,25
155,-35.453254165837734,25
156,-46.187706359197165,25
157,-64.88629573199273,25
158,-42.14560019354708,25
159,-28.748236361001215,25
160,-25.458884181229735,25
161,-46.58689263796174,25
162,-26.260025081992435,25
163,-51.55706262193564,25
164,-35.09726158979579,25
165,-71.43249373420538,25
166,-33.779806195708204,25
167,-55.32271658199469,25
168,-46.565043237813654,25
169,-38.85708252899067,25
170,-31.3133634864253,25
171,-49.99507018412473,25
172,-70.87094650751159,25
173,-32.4572750599369,25
174,-34.782289900083335,25
175,-55.83320423259868,25
176,-36.347994567830746,25
177,-39.28523530151085,25
178,-38.60644212045893,25
179,-52.21851645239803,25
180,-39.16593989817221,25
181,-40.81753763690892,25
182,-38.08147227120635,25
183,-38.71514953514179,25
184,-41.74785427442662,25
185,-43.04528531226597,25
186,-38.10521517537458,25
187,-42.88978584118565,25
188,-83.32457412046959,25
189,-41.0968475330798,25
190,-34.57474625826926,25
191,-58.388713703774044,25
192,-56.632147218076014,25
193,-62.94870270924331,25
194,-30.84189627201092,25
195,-43.3564464903041,25
196,-50.21991367917678,25
197,-47.44692948795562,25
198,-37.95219828675729,25
199,-45.11464842909285,25
200,-44.16412707965847,25
201,-39.279540041471215,25
202,-29.980964604531877,25
203,-51.12531609052563,25
204,-44.81941630070542,25
205,-33.92279883844619,25
206,-53.61141709355096,25
207,-65.79585792371766,25
208,-42.08724984355004,25
209,-43.73990047165409,25
210,-44.03329100184264,25
211,-43.299020678100845,25
212,-51.9658936275458,25
213,-40.74417890542544,25
214,-31.938163303262908,25
215,-49.199359029075055,25
216,-59.274298039836665,25
217,-46.8853056727342,25
218,-29.042884556573945,25
219,-49.16588169106597,25
220,-30.215233932012627,25
221,-34.75391255940042,25
222,-50.76171147963986,25
223,-43.29441675548799,25
224,-31.31391549872309,25
225,-50.55831951865702,25
226,-46.5335237658477,25
227,-53.968123651735176,25
228,-52.20983787611416,25
229,-38.85392281956241,25
230,-37.244537172683685,25
231,-38.15716242593186,25
232,-43.52408717543937,25
233,-42.83620172783618,25
234,-24.46779881626019,25
235,-47.70970491439219,25
236,-25.352253766008932,25
237,-52.32298813543894,25
238,-44.657511386906485,25
239,-47.26275717760269,25
240,-36.954136041969,25
241,-41.52227835505207,25
242,-32.62236201152329,25
243,-41.246540200772145,25
244,-44.75062638767774,25
245,-44.99788468927367,25
246,-35.0346687304206,25
247,-66.77612960953041,25
248,-37.043118108930045,25
249,-45.13422619728379,25
250,-51.827940597781236,25
251,-37.763512313944254,25
252,-50.773848633655575,25
253,-57.30148147978395,25
254,-35.93826798668398,25
255,-23.002754698281443,25
256,-44.235982608739285,25
257,-61.326614770085335,25
258,-34.1765511495361,25
259,-80.45508456225741,25
260,-35.13560179160862,25
261,-24.80079751147956,25
262,-27.306323475265792,25
263,-52.62943281892822,25
264,-70.62369632402998,25
265,-42.40230371441577,25
266,-40.03886435140852,25
267,-53.942339420729894,25
268,-36.21704375357904,25
269,-46.20660162963982,25
270,-34.81053980482543,25
271,-30.194786126353662,25
272,-39.87351690952293,25
273,-30.422193412868975,25
274,-44.64477438759366,25
275,-101.00095258731446,25
276,-55.44581589225288,25
277,-42.73898749863017,25
278,-43.06488479362711,25
279,-40.73339377707761,25
280,-53.366171056872865,25
281,-54.63519982529607,25
282,-31.76285188751018,25
283,-33.559427179651465,25
284,-79.28692907749165,25
285,-45.32794005442343,25
286,-60.02068407548319,25
287,-58.88497279110367,25
288,-38.55823237861539,25
289,-40.563252016829296,25
290,-43.1693094877852,25
291,-31.828436070037853,25
292,-38.62302340073241,25
293,-41.96316831087019,25
294,-70.72275994979178,25
295,-68.3164984374051,25
296,-47.67770223350049,25
297,-41.65099407889464,25
298,-37.86004407293514,25
299,-28.16208303301411,25
300,-58.39104670151328,25
301,-44.174217043801775,25
302,-68.0076977184847,25
303,-39.97121075583462,25
304,-31.530252986967206,25
305,-53.00375264609978,25
306,-35.62927343244682,25
307,-27.61969152460207,25
308,-55.682096112480345,25
309,-45.225486989373806,25
310,-49.31022141091238,25
311,-66.9683112846255,25
312,-43.67766108598486,25
313,-62.81377342178098,25
314,-28.51890263907194,25
315,-40.360375915371556,25
316,-46.94987510462226,25
317,-53.39300860673333,25
318,-37.0088086041311,25
319,-43.81914299579638,25
320,-59.783560797395694,25
321,-34.69850113548877,25
322,-61.585825956567504,25
323,-32.76096823843959,25
324,-40.224365354925034,25
325,-43.683679959795676,25
326,-36.18003037197124,25
327,-38.32340132725242,25
328,-36.435633118837245,25
329,-46.918822873490406,25
330,-48.70514879214613,25
331,-29.994835123387784,25
332,-51.12215204743786,25
333,-35.06157557469022,25
334,-70.39919396518606,25
335,-56.54108484547437,25
336,-54.481408848496635,25
337,-38.664082841478795,25
338,-44.124532882669534,25
339,-44.56515248126631,25
340,-43.68499149392565,25
341,-49.347856515622524,25
342,-41.8713640320215,25
343,-47.938609963315386,25
344,-46.78655363569811,25
345,-36.620691243332985,25
346,-48.5100800814944,25
347,-43.79383874195035,25
348,-55.95578656737936,25
349,-56.20166948208998,25
350,-27.31530999067563,25
351,-55.9154421492909,25
352,-43.090769314299244,25
353,-42.722475216991064,25
354,-34.249143690964864,25
355,-27.30749444329203,25
356,-32.589903774701824,25
357,-47.936288439519714,25
358,-43.40451527235661,25
359,-31.041189645866446,25
360,-53.98951738812812,25
361,-43.54986231444238,25
362,-37.28604326074815,25
363,-39.63367256827277,25
364,-53.39427107845107,25
365,-28.662553306061096,25
366,-52.259474122741494,25
367,-49.14424833509035,25
368,-51.873296778954796,25
369,-52.189155926071884,25
370,-57.498683492231514,25
371,-69.09656538367618,25
372,-52.054440249280574,25
373,-32.09771212359721,25
374,-21.452699817418992,25
375,-52.65010185379778,25
376,-34.453236943053234,25
377,-23.234331138652497,25
378,-58.59022793081619,25
379,-48.524645464857045,25
380,-41.38023885810227,25
381,-43.49903874235465,25
382,-29.91689348362255,25
383,-51.040429807771325,25
384,-35.56829707875252,25
385,-32.69244609548262,25
386,-51.10296045014382,25
387,-68.0620449026685,25
388,-35.22916093486228,25
389,-47.567882685024344,25
390,-70.8925979400886,25
391,-41.809502644226335,25
392,-41.33550403725045,25
393,-39.15301744226504,25
394,-56.362337706722656,25
395,-44.588048990511766,25
396,-41.89314426393915,25
397,-43.614196760584875,25
398,-48.15041063555637,25
399,-63.14324710536552,25
400,-45.943957634561826,25
401,-33.53209972954527,25
402,-47.917473227206855,25
403,-45.519584891561294,25
404,-63.95123831264482,25
405,-36.63910680508308,25
406,-45.15440535586914,25
407,-58.605577614912725,25
408,-43.876812817396136,25
409,-65.17832280336405,25
410,-36.8078160395826,25
411,-47.918861641753345,25
412,-58.1881356465113,25
413,-57.681533169479195,25
414,-22.482047255124574,25
415,-29.448708845473654,25
416,-57.93465790310325,25
417,-50.92172238304905,25
418,-46.080070867959506,25
419,-59.316188686894485,25
420,-33.38188583861459,25
421,-31.22057339483944,25
422,-39.88573634632516,25
423,-43.878166816615575,25
424,-51.128062991005116,25
425,-44.52520623574966,25
426,-34.908205640867855,25
427,-29.984893010080835,25
428,-52.43668992507883,25
429,-39.8829508139463,25
430,-44.79572989642348,25
431,-46.86743213451053,25
432,-39.34176768239288,25
433,-44.87254086373641,25
434,-55.295688237563475,25
435,-44.018750756794404,25
436,-42.61649046569036,25
437,-77.67466231306796,25
438,-68.3490725912578,25
439,-26.512539069599843,25
440,-46.1106379416705,25
441,-35.35475804658207,25
442,-56.20940015045298,25
443,-40.5951691014128,25
444,-54.536320801436595,25
445,-37.65883387084274,25
446,-38.94326913624266,25
447,-56.84708830979176,25
448,-36.95957598844359,25
449,-36.65711092097487,25
450,-56.577926202591456,25
451,-56.00348553271856,25
452,-37.787892246108534,25
453,-46.98275901783035,25
454,-31.604928274231384,25
455,-43.7320643102817,25
456,-47.75180718531323,25
457,-36.47737853312127,25
458,-54.738129945387755,25
459,-37.620277692668516,25
460,-51.123640341876694,25
461,-38.95136966649543,25
462,-50.39946909008776,25
463,-54.89284710955092,25
464,-43.69454431806448,25
465,-48.02712107771048,25
466,-67.6425613561982,25
467,-32.50050873275583,25
468,-29.157302101337372,25
469,-50.870688168924225,25
470,-63.780444663845905,25
471,-40.11242387730995,25
472,-47.56606974796621,25
473,-90.62365815041346,25
474,-36.566602106740774,25
475,-41.85816607619743,25
476,-29.816389934487518,25
477,-51.15848302284802,25
478,-34.55985121798568,25
479,-52.81011823823038,25
480,-66.5574826887406,25
481,-46.15230634570687,25
482,-31.606722021052224,25
483,-36.79062509688944,25
484,-32.047580230540994,25
485,-37.24212228517085,25
486,-27.902803902666232,25
487,-35.38651982775458,25
488,-43.45674173264823,25
489,-39.355943453784974,25
490,-54.76263268446569,25
491,-57.9984590688682,25
492,-62.72064788127793,25
493,-38.779967689845414,25
494,-57.73152120657226,25
495,-32.12474171156585,25
496,-44.867071026231656,25
497,-46.25260269403102,25
498,-38.016006728136894,25
499,-37.068823386585315,25
500,-55.81995796758768,25
501,-47.90637904979154,25
502,-78.90644511613222,25
503,-57.754676491049736,25
504,-31.341928209631313,25
505,-58.15993426997222,25
506,-41.506052559954384,25
507,-35.754060904981394,25
508,-57.206236321907674,25
509,-65.15322716969098,25
510,-64.63448260214295,25
511,-33.334061545307854,25
512,-38.73410560982982,25
513,-30.247823375779806,25
514,-73.05841562519657,25
515,-55.608551118003334,25
516,-27.813969690353048,25
517,-75.65383996150273,25
518,-35.5574551323722,25
519,-46.749290287842314,25
520,-70.52074474961692,25
521,-44.28019711679957,25
522,-42.37483923212325,25
523,-70.07674016429412,25
524,-44.6174106035458,25
525,-38.28428735047909,25
526,-29.56636095564741,25
527,-42.87367770565781,25
528,-50.08413373008841,25
529,-51.46250545868033,25
530,-31.052107535943506,25
531,-47.39428699269562,25
532,-49.65571432970522,25
533,-60.0385803393843,25
534,-52.640851994066246,25
535,-94.99268391934997,25
536,-41.175199097609124,25
537,-45.438266709347445,25
538,-59.801475427853795,25
539,-40.8218133169581,25
540,-78.24353428923193,25
541,-38.91280837773223,25
542,-43.62661233757825,25
543,-45.59219445068693,25
544,-48.88246840490153,25
545,-27.718158695882796,25
546,-41.86533111137382,25
547,-29.41282731892139,25
548,-38.054078734624326,25
549,-45.19712351624729,25
550,-47.12283065021463,25
551,-37.09293897730174,25
552,-51.771076119091916,25
553,-45.572499014465166,25
554,-35.74507645456588,25
555,-27.145598631117423,25
556,-66.88176939804706,25
557,-100.07674991980784,25
558,-59.38850688535652,25
559,-27.184751040624555,25
560,-43.78154376688695,25
561,-68.21818714918108,25
562,-38.450739809808404,25
563,-46.19270632710821,25
564,-37.615293370269775,25
565,-58.01517016329679,25
566,-41.675500316355,25
567,-32.75862543254364,25
568,-63.730461008191796,25
569,-45.76529446415699,25
570,-32.67089861326444,25
571,-60.322843689354,25
572,-44.88161517456674,25
573,-60.51730673958229,25
574,-54.478893303529176,25
575,-42.706404507982974,25
576,-46.01162189555789,25
577,-54.37140923213281,25
578,-52.157115760436376,25
579,-48.86819940507575,25
580,-47.41024035269011,25
581,-56.846700117943726,25
582,-46.600195629749784,25
583,-43.18296720944038,25
584,-43.57060038235561,25
585,-60.58409824511675,25
586,-55.21517221859365,25
587,-43.68875565312809,25
588,-47.53992589962232,25
589,-74.79349695358188,25
590,-52.421593693203924,25
591,-45.61625005406544,25
592,-39.52499403588954,25
593,-52.82341606966254,25
594,-28.226251444248565,25
595,-62.64625944813847,25
596,-39.52768925455942,25
597,-59.85136451023379,25
598,-43.07400290994495,25
599,-50.92480520995158,25
600,-50.049957559495304,25
601,-44.67382026288044,25
602,-37.70768731291505,25
603,-54.822142746554576,25
604,-60.66318284539448,25
605,-30.73392131914559,25
606,-48.628947997132826,25
607,-50.97654807917149,25
608,-52.72342757853542,25
609,-45.794162592700296,25
610,-46.95859197906666,25
611,-65.41639242765488,25
612,-57.67466793234398,25
613,-64.04133641494921,25
614,-76.77178850337216,25
615,-39.61588833563122,25
616,-52.97491209054102,25
617,-43.83610434272075,25
618,-40.52883157131628,25
619,-41.58154083356852,25
620,-48.22919491959443,25
621,-40.9899199352666,25
622,-32.71023696882951,25
623,-44.64566487794794,25
624,-29.888419060460336,25
625,-52.40406722143816,25
626,-72.86736883342331,25
627,-41.374657799522446,25
628,-50.26151909590729,25
629,-52.8456420383074,25
630,-36.615889952499074,25
631,-74.57841655596685,25
632,-38.64211719129902,25
633,-39.26107504570715,25
634,-42.987890181991965,25
635,-71.74295241965086,25
636,-38.93442554964228,25
637,-53.81705082034403,25
638,-39.8257881123627,25
639,-39.14390643616634,25
640,-28.317476152233144,25
641,-65.52792614211805,25
642,-53.072034027433546,25
643,-54.25529217187485,25
644,-57.83291540805983,25
645,-51.48378065954068,25
646,-64.67560937621221,25
647,-62.12952019170884,25
648,-43.28313243915235,25
649,-44.14473984953319,25
650,-51.819544306922914,25
651,-27.9670660704659,25
652,-67.46199542825627,25
653,-24.843968294860847,25
654,-41.61187939816459,25
655,-43.73476982676723,25
656,-42.32134962776559,25
657,-41.97883208476708,25
658,-39.9152278160625,25
659,-58.40529237389249,25
660,-41.499060834009455,25
661,-51.92533358502756,25
662,-37.63207984965494,25
663,-54.65145072852914,25
664,-44.14804466949502,25
665,-62.26937096480412,25
666,-57.26183596560763,25
667,-66.25687350686437,25
668,-46.04089092562436,25
669,-46.14466962160596,25
670,-38.733050627516484,25
671,-58.60526728624751,25
672,-40.99311919980811,25
673,-30.74178448265552,25
674,-42.12097101780801,25
675,-33.43270663217711,25
676,-39.91367361600601,25
677,-40.85620998871838,25
678,-39.08880412212732,25
679,-52.73150874261817,25
680,-32.704401275187955,25
681,-43.58236319615926,25
682,-47.15091297207344,25
683,-39.695309436065585,25
684,-64.14095216164515,25
685,-43.00139093483672,25
686,-45.459793204096485,25
687,-34.864451399476756,25
688,-44.97530516661451,25
689,-35.156633319075375,25
690,-50.683997306558055,25
691,-19.049389397391366,25
692,-32.11531250302589,25
693,-69.72983581289633,25
694,-34.67659201125654,25
695,-49.898116627934385,25
696,-51.843735864978434,25
697,-45.01938708242845,25
698,-38.55398760044129,25
699,-44.39767097315539,25
700,-37.4902971069044,25
701,-51.684888010768084,25
702,-38.005970099034,25
703,-45.72463206074794,25
704,-28.30232050935175,25
705,-46.79009665265819,25
706,-54.26214493577105,25
707,-60.41552271294601,25
708,-53.14102245944789,25
709,-41.748163263784214,25
710,-45.43425975510006,25
711,-55.87955231256214,25
712,-49.80981238107898,25
713,-51.989816899235755,25
714,-47.608621803235685,25
715,-30.572941139773462,25
716,-55.36379771558093,25
717,-48.43362397367552,25
718,-34.521777618775204,25
719,-40.68785653588655,25
720,-41.535344846657104,25
721,-38.62613590508371,25
722,-63.38036938005828,25
723,-58.99998406534171,25
724,-46.43959832598926,25
725,-33.73315688873455,25
726,-29.840482710859227,25
727,-43.494605952026106,25
728,-47.057063264284054,25
729,-43.28534868303133,25
730,-37.70301259214924,25
731,-38.47886818634116,25
732,-41.63254435777672,25
733,-49.815605955076514,25
734,-51.813905383753614,25
735,-62.06499730258209,25
736,-43.2093674172359,25
737,-47.802300345552965,25
738,-50.962799455656814,25
739,-47.4728320283488,25
740,-58.82430782323181,25
741,-57.86217447426795,25
742,-61.02717248754181,25
743,-69.60376900242642,25
744,-73.72333386239808,25
745,-57.02446279653229,25
746,-42.706537253129056,25
747,-50.13316252971224,25
748,-35.416725798774614,25
749,-52.39976924167014,25
750,-51.479535228612505,25
751,-35.64755487826149,25
752,-50.549789494256004,25
753,-36.45165712328582,25
754,-43.102677831549116,25
755,-70.78241181479481,25
756,-49.54413916458658,25
757,-48.5487827214851,25
758,-33.17146215672757,25
759,-43.60068100639126,25
760,-50.666845024613444,25
761,-58.63596994679197,25
762,-30.452520172447993,25
763,-38.24429255560652,25
764,-37.70072617553031,25
765,-36.37932811073065,25
766,-40.617014039882335,25
767,-29.317462163583063,25
768,-42.330003395062135,25
769,-50.59460861112631,25
770,-39.92988788951102,25
771,-52.53989738921296,25
772,-39.193694596370776,25
773,-44.27498797629734,25
774,-41.567877329464935,25
775,-49.03044338779194,25
776,-35.81592964924367,25
777,-35.04309486321536,25
778,-50.30838591284565,25
779,-65.16045549919367,25
780,-32.807498783638565,25
781,-45.46489430618026,25
782,-51.730682919852526,25
783,-34.51250749088417,25
784,-42.57248275854593,25
785,-45.2199161361448,25
786,-34.97816502759116,25
787,-65.94417074196762,25
788,-48.471850123627476,25
789,-33.274819436127274,25
790,-51.729696518423694,25
791,-35.23043211822706,25
792,-47.55276438910868,25
793,-58.95996784702555,25
794,-40.49709490017151,25
795,-38.32117144489099,25
796,-45.98561802487999,25
797,-38.546215470436195,25
798,-60.16698526155272,25
799,-52.04467084993119,25
800,-43.375069667839455,25
801,-63.76435023092443,25
802,-38.74194464331269,25
803,-47.62925374821877,25
804,-40.83348139452892,25
805,-38.42589940068733,25
806,-55.165272208549275,25
807,-50.310595908795015,25
808,-37.612434884752716,25
809,-53.6050549113923,25
810,-44.358372192363795,25
811,-56.98930499736331,25
812,-55.48335292668522,25
813,-45.699838198333936,25
814,-32.801303585777276,25
815,-69.27972703103607,25
816,-30.34973528712765,25
817,-41.30512011175351,25
818,-56.99285282441332,25
819,-41.548173409145846,25
820,-44.0812733350561,25
821,-42.674596000412,25
822,-41.86583825015069,25
823,-33.094166590070174,25
824,-59.59615517386339,25
825,-31.415518531518483,25
826,-49.25325015999176,25
827,-43.84487987804099,25
828,-29.772814889229522,25
829,-58.29642583098119,25
830,-36.681663810158575,25
831,-27.016433440331518,25
832,-47.454159960959444,25
833,-29.814344732478578,25
834,-60.7326675388253,25
835,-39.404063066634336,25
836,-49.99647516143734,25
837,-32.27964237352212,25
838,-31.71274461458447,25
839,-53.8791092679917,25
840,-35.06055222524631,25
841,-61.31138816104147,25
842,-58.68431813630298,25
843,-52.591839106139105,25
844,-28.060905095112748,25
845,-31.432466336436825,25
846,-46.69277389215506,25
847,-49.41826136087098,25
848,-52.140793713250815,25
849,-38.35721056481593,25
850,-56.39640577798175,25
851,-48.17351725837482,25
852,-45.299271519030064,25
853,-51.624133513033655,25
854,-43.86177147261678,25
855,-67.76577440666213,25
856,-64.55773604841028,25
857,-41.781973621403104,25
858,-66.30965755467017,25
859,-38.94294535327559,25
860,-60.85157157349682,25
861,-42.633614825492586,25
862,-70.1971784065907,25
863,-41.682879431278984,25
864,-36.72548823330537,25
865,-56.51011677807369,25
866,-54.63847618443709,25
867,-41.33270335719679,25
868,-56.78360695531062,25
869,-42.83422376100502,25
870,-28.41582199790561,25
871,-44.9133837888487,25
872,-42.87112142026649,25
873,-43.59463074055784,25
874,-31.020312778150437,25
875,-27.123248899780343,25
876,-37.383703570111045,25
877,-25.910255696945818,25
878,-35.84459890829285,25
879,-39.09064474199169,25
880,-47.75112087561313,25
881,-40.457352083656644,25
882,-36.16863761195427,25
883,-56.01268507782295,25
884,-51.13996867111159,25
885,-39.07433429514007,25
886,-63.182561090305065,25
887,-43.09320863280468,25
888,-49.547943859020954,25
889,-37.627110355822346,25
890,-41.63905381110043,25
891,-41.225135816549454,25
892,-41.31731021092161,25
893,-58.394904128948255,25
894,-42.58581150242803,25
895,-48.00170884387718,25
896,-33.21828002983578,25
897,-45.119429956170556,25
898,-39.585619578149085,25
899,-51.52986034751294,25
900,-42.584224974615154,25
901,-45.318798265147436,25
902,-53.757570470524,25
903,-37.4701971133789,25
904,-51.54433629265625,25
905,-64.43291155531631,25
906,-45.05525719878323,25
907,-43.73413583863671,25
908,-42.766107079537186,25
909,-55.51254399077978,25
910,-52.13885095957661,25
911,-36.49871727698475,25
912,-68.47639811178172,25
913,-46.64501408773094,25
914,-36.57527730675832,25
915,-50.383507585361826,25
916,-64.82325519346145,25
917,-44.49216878869391,25
918,-65.83938630836532,25
919,-65.96956141571886,25
920,-44.08522135895312,25
921,-50.22910382591329,25
922,-64.35399897631711,25
923,-39.43943949957543,25
924,-45.76552089046919,25
925,-41.409218166969104,25
926,-38.11499561860034,25
927,-62.49681333250941,25
928,-77.72274527490401,25
929,-42.72518549550199,25
930,-75.74562783861711,25
931,-41.599180571148715,25
932,-45.213175197864174,25
933,-30.09596333716814,25
934,-33.72341478955192,25
935,-50.000712469771265,25
936,-44.70975649335848,25
937,-33.11253084090711,25
938,-58.098595838172656,25
939,-58.53718721743015,25
940,-49.25096858661789,25
941,-51.14101711899696,25
942,-37.747590579486115,25
943,-32.51768833551542,25
944,-43.67712356896426,25
945,-44.41211541363677,25
946,-47.42342009602649,25
947,-34.75540444337363,25
948,-54.17360757038808,25
949,-79.26408350374703,25
950,-53.0132002119033,25
951,-61.17386365128789,25
952,-41.59547190455328,25
953,-45.61890426796369,25
954,-46.53525671641613,25
955,-62.02972824969669,25
956,-34.594260089694735,25
957,-34.907563765021195,25
958,-53.64716327967999,25
959,-32.58561654912392,25
960,-46.264500893675226,25
961,-38.489618592285176,25
962,-52.6404459094264,25
963,-56.67119713311905,25
964,-66.83868957635815,25
965,-28.03335787591348,25
966,-36.169395260326795,25
967,-52.77106415107463,25
968,-58.205845623331186,25
969,-32.2369879139384,25
970,-56.0514212455733,25
971,-50.753646784957894,25
972,-36.541640286745356,25
973,-43.51030416779962,25
974,-50.94975904593983,25
975,-56.411008850966844,25
976,-61.54036534132872,25
977,-62.569573088614895,25
978,-39.62460428473228,25
979,-40.83772344850776,25
980,-41.6763043885795,25
981,-46.26724085085779,25
982,-32.5994246210516,25
983,-49.0498255868915,25
984,-63.34284834069016,25
985,-77.04647400118891,25
986,-65.92838401641771,25
987,-39.870391958744655,25
988,-47.149269179362335,25
989,-46.35036755222303,25
990,-69.45540680784116,25
991,-80.24453703023052,25
992,-37.39612865493353,25
993,-36.98192878945721,25
994,-34.15194922020044,25
995,-49.595168625150585,25
996,-35.33157690469907,25
997,-35.97256608185867,25
998,-45.71523534668585,25
999,-56.10428218696783,25
1000,-38.418996638058935,25
1001,-57.382201449206434,25
1002,-51.051456490494864,25
1003,-47.85569569517813,25
1004,-55.47513667223446,25
1005,-48.35366992479874,25
1006,-66.76677380160606,25
1007,-33.11346025637849,25
1008,-67.49312179512917,25
1009,-43.64253589835116,25
1010,-46.70443396673216,25
1011,-26.329162435311808,25
1012,-37.25432474016366,25
1013,-39.27475440961685,25
1014,-27.819996766722962,25
1015,-64.17315784370484,25
1016,-48.04056855821064,25
1017,-56.42268760066034,25
1018,-34.28385349516102,25
1019,-47.0929909057117,25
1020,-90.24673771398614,25
1021,-49.96390423594934,25
1022,-80.45215968582775,25
1023,-40.838517403394654,25
1024,-25.188470072175434,25
1025,-26.71338131820262,25
1026,-55.041124966871934,25
1027,-52.067149026909256,25
1028,-54.07627164951975,25
1029,-67.86811683071653,25
1030,-49.032701999915126,25
1031,-45.49137224733217,25
1032,-46.31348009303902,25
1033,-37.767741708423586,25
1034,-62.23946302735411,25
1035,-52.30004192959816,25
1036,-27.151828708100425,25
1037,-50.07352068056582,25
1038,-38.00375155847538,25
1039,-43.97661571427099,25
1040,-28.24945324014859,25
1041,-48.519379971514624,25
1042,-48.44434644179063,25
1043,-45.04302999677983,25
1044,-48.20799989830583,25
1045,-42.66615715260049,25
1046,-33.76566940029661,25
1047,-40.83140108360463,25
1048,-22.67998904257032,25
1049,-54.88383608392094,25
1050,-56.106982819561104,25
1051,-37.64058922294402,25
1052,-50.530448317800655,25
1053,-47.07926677471233,25
1054,-41.659101830280854,25
1055,-21.552662734207644,25
1056,-43.31852347969455,25
1057,-32.225328627803385,25
1058,-33.89877375016211,25
1059,-56.45048884540594,25
1060,-41.257486087012516,25
1061,-44.06800788938327,25
1062,-32.75742593995852,25
1063,-43.854972406705926,25
1064,-58.475985399712556,25
1065,-36.92712589928768,25
1066,-36.582706070906305,25
1067,-37.52468702385387,25
1068,-47.76154852670332,25
1069,-49.79931240069841,25
1070,-56.07487691404044,25
1071,-47.88421653922021,25
1072,-61.86378356973415,25
1073,-55.15066848568037,25
1074,-61.870726893508504,25
1075,-56.17278218825158,25
1076,-43.98470998161096,25
1077,-52.58913476211461,25
1078,-42.582417523590294,25
1079,-39.28227097774008,25
1080,-50.0877930175207,25
1081,-30.125419639049557,25
1082,-55.44053573593364,25
1083,-30.88486556763123,25
1084,-35.42584180997472,25
1085,-40.20535379504361,25
1086,-65.94714776675164,25
1087,-75.87815939981914,25
1088,-49.5836772701644,25
1089,-43.8429070259551,25
1090,-53.4467442907184,25
1091,-31.961711770729575,25
1092,-45.51271467801926,25
1093,-37.489488193706926,25
1094,-34.27359764075065,25
1095,-40.21434065061627,25
1096,-32.68102212009968,25
1097,-49.247776255294866,25
1098,-48.57116696821938,25
1099,-37.876311472558804,25
1100,-40.162390794648445,25
1101,-45.24037555356621,25
1102,-51.26093036600859,25
1103,-36.364579539198495,25
1104,-46.959964411040204,25
1105,-56.105848097182836,25
1106,-33.96604392161228,25
1107,-37.71860898313339,25
1108,-27.49456778042128,25
1109,-46.274799876729425,25
1110,-57.54553421201365,25
1111,-33.505064983910465,25
1112,-50.3180612472762,25
1113,-47.46452067890786,25
1114,-40.627253989125116,25
1115,-56.963174718621985,25
1116,-39.59779307188602,25
1117,-44.24499196203389,25
1118,-36.23631895307933,25
1119,-34.48987853635309,25
1120,-38.5251288265758,25
1121,-39.14527989678277,25
1122,-37.3390319809677,25
1123,-50.91340653353894,25
1124,-39.08236053620548,25
1125,-42.873756595186066,25
1126,-30.015633425610165,25
1127,-32.369286449587094,25
1128,-32.79634041084542,25
1129,-25.104246137265516,25
1130,-35.21235923633053,25
1131,-33.14651045117743,25
1132,-42.878167361123474,25
1133,-32.775756244144006,25
1134,-32.5940516961155,25
1135,-55.22510528411334,25
1136,-53.86468185287708,25
1137,-42.51700738880122,25
1138,-24.55720121645442,25
1139,-38.86643562153924,25
1140,-48.77556585926162,25
1141,-49.23029563808594,25
1142,-35.687448982358404,25
1143,-46.85435275555858,25
1144,-55.99423846362631,25
1145,-36.48546075443821,25
1146,-40.882177152164786,25
1147,-57.56616955777157,25
1148,-81.62360196301768,25
1149,-52.684122390193124,25
1150,-46.85968196234299,25
1151,-45.66570883096029,25
1152,-41.36422725683873,25
1153,-36.3137747858875,25
1154,-30.40209092191461,25
1155,-44.343005165210464,25
1156,-33.37829396586334,25
1157,-37.47704162966333,25
1158,-30.616343301658198,25
1159,-28.609406080234468,25
1160,-49.07892005308466,25
1161,-48.318445333853795,25
1162,-24.280970267514384,25
1163,-30.333662466175735,25
1164,-42.234823486780755,25
1165,-23.706461935977128,25
1166,-45.71492532137643,25
1167,-30.02631443577728,25
1168,-39.29005541286313,25
1169,-50.34016812442906,25
1170,-47.609307296279916,25
1171,-54.84359643086448,25
1172,-48.49351097779352,25
1173,-62.301497417023214,25
1174,-41.11426678149622,25
1175,-38.07322626242202,25
1176,-41.09828093968427,25
1177,-45.19162522087948,25
1178,-50.1087331472405,25
1179,-36.95589268452822,25
1180,-43.03133839614531,25
1181,-37.0674956056508,25
1182,-26.55486275246402,25
1183,-51.27879826489068,25
1184,-36.09818357504821,25
1185,-52.15989346610006,25
1186,-64.90444178065286,25
1187,-56.54541621002136,25
1188,-35.770011146636804,25
1189,-36.90750451159862,25
1190,-40.68840489350749,25
1191,-55.72528949077972,25
1192,-51.57863716577412,25
1193,-32.01889611145096,25
1194,-35.06075510343795,25
1195,-48.81942332039407,25
1196,-29.108331471360245,25
1197,-62.70881344550464,25
1198,-53.326343885835286,25
1199,-40.690350991726746,25
1200,-64.53499458796892,25
1201,-61.394705824817216,25
1202,-44.64682820515746,25
1203,-39.91546911305476,25
1204,-48.58161060116791,25
1205,-37.40573487606529,25
1206,-52.39608915821751,25
1207,-49.910793555887054,25
1208,-57.548244696496184,25
1209,-50.10145664735457,25
1210,-25.795683640415575,25
1211,-26.477998695011145,25
1212,-43.28234911470271,25
1213,-47.25269096999203,25
1214,-49.57322967095492,25
1215,-47.8147198408345,25
1216,-40.731368765103895,25
1217,-44.75281311705358,25
1218,-45.77717590614146,25
1219,-33.48342887258497,25
1220,-29.73761868412681,25
1221,-46.937369379185654,25
1222,-44.33666385237422,25
1223,-37.52224682063041,25
1224,-46.89759636347311,25
1225,-33.11101440442654,25
1226,-33.054114808923195,25
1227,-43.698147426411786,25
1228,-64.06229610803089,25
1229,-46.20530321748884,25
1230,-27.531415609913346,25
1231,-31.63598942710415,25
1232,-45.88602907868325,25
1233,-44.380361753324124,25
1234,-46.81624042139596,25
1235,-78.82540376599981,25
1236,-26.60587017352422,25
1237,-48.441133351150725,25
1238,-32.72905974178602,25
1239,-33.672113633292895,25
1240,-43.17260880139049,25
1241,-63.11584663366912,25
1242,-38.05130540274248,25
1243,-52.49542370361998,25
1244,-60.469322658643904,25
1245,-69.1735198470266,25
1246,-37.70077248218822,25
1247,-33.18289791170004,25
1248,-38.88797655417521,25
1249,-40.35764042027552,25
1250,-49.43353338527725,25
1251,-27.27791208903505,25
1252,-38.86350676806691,25
1253,-40.79545907505823,25
1254,-64.37927747183852,25
1255,-38.30655443103411,25
1256,-31.90467535475566,25
1257,-56.414791772098184,25
1258,-51.017310986965,25
1259,-48.66964165366415,25
1260,-44.062759746110736,25
1261,-31.3882889853508,25
1262,-39.982074889499515,25
1263,-32.78647947086964,25
1264,-25.681743501073907,25
1265,-41.43980258907759,25
1266,-24.40501579301581,25
1267,-62.51359983491215,25
1268,-70.98577490188346,25
1269,-29.764397201030175,25
1270,-67.3831512493436,25
1271,-28.15395741688794,25
1272,-58.36745041789029,25
1273,-47.51077608457034,25
1274,-37.659771866729265,25
1275,-53.18139596272615,25
1276,-43.22245390130354,25
1277,-40.02882827640278,25
1278,-43.096799745999625,25
1279,-40.290378766946546,25
1280,-41.29226448228303,25
1281,-43.05471909478856,25
1282,-31.528069474969243,25
1283,-56.92206356584625,25
1284,-42.40253417468154,25
1285,-41.07368513049348,25
1286,-41.0614896437887,25
1287,-47.42366941521811,25
1288,-51.95999402451146,25
1289,-52.41846419632942,25
1290,-46.13625047555849,25
1291,-33.36416640674996,25
1292,-44.31519012110089,25
1293,-51.874992680632424,25
1294,-40.97394170765323,25
1295,-33.750983238635264,25
1296,-39.099497772546464,25
1297,-49.04512941113058,25
1298,-35.98045915027295,25
1299,-57.3501024616532,25
1300,-48.334719132761045,25
1301,-34.102550302733746,25
1302,-46.25362613976257,25
1303,-35.20221712341283,25
1304,-57.50123630635997,25
1305,-39.236114103936266,25
1306,-42.3147253021312,25
1307,-47.53215104693408,25
1308,-53.67081518539698,25
1309,-53.01130255916124,25
1310,-50.43651792697629,25
1311,-40.06401822838732,25
1312,-40.367399373046794,25
1313,-29.481284614068063,25
1314,-52.647739737389415,25
1315,-40.5085068449402,25
1316,-49.07782728545785,25
1317,-62.706954396488705,25
1318,-32.871352667311214,25
1319,-41.454622174476654,25
1320,-38.21361314141241,25
1321,-44.89104233197075,25
1322,-46.9924182853334,25
1323,-58.909221949128344,25
1324,-34.54168242614058,25
1325,-45.250828298511166,25
1326,-36.36894488017768,25
1327,-58.611205585632504,25
1328,-47.223105499782655,25
1329,-32.22145744317765,25
1330,-40.17992956074853,25
1331,-49.60788618491982,25
1332,-43.81410961649436,25
1333,-44.48147759834187,25
1334,-37.868720273270625,25
1335,-48.08636651875057,25
1336,-37.32094543639615,25
1337,-49.339543398379355,25
1338,-58.08932614193613,25
1339,-55.8308593820653,25
1340,-51.03187918282875,25
1341,-68.1886394367952,25
1342,-29.86735340956478,25
1343,-53.81406220836188,25
1344,-37.76629137736114,25
1345,-48.12909761268609,25
1346,-47.03241713289475,25
1347,-33.08207724507539,25
1348,-26.364829297696744,25
1349,-30.494502192723438,25
1350,-65.52460860913315,25
1351,-33.01041785617199,25
1352,-47.027699580087535,25
1353,-53.45988451548134,25
1354,-38.78736433845403,25
1355,-38.8139341112641,25
1356,-35.419522257717354,25
1357,-32.11460175299781,25
1358,-49.2958693241503,25
1359,-33.453283860553825,25
1360,-71.7103349505034,25
1361,-37.808165052085855,25
1362,-45.66356653494801,25
1363,-48.98218768319233,25
1364,-31.46640531372786,25
1365,-42.16818606006549,25
1366,-42.91138050512939,25
1367,-46.778157693744056,25
1368,-44.1759397909726,25
1369,-42.499133413056185,25
1370,-63.02775780667966,25
1371,-32.51496978928444,25
1372,-70.0149922582603,25
1373,-52.24961400793277,25
1374,-62.291405864502195,25
1375,-47.36885834468481,25
1376,-39.53538977205323,25
1377,-30.96329782937552,25
1378,-65.56351301924435,25
1379,-37.31549926911022,25
1380,-65.18547879700506,25
1381,-29.69701867050494,25
1382,-48.483179865682146,25
1383,-51.49960895966168,25
1384,-28.928945347832588,25
1385,-31.233542733036717,25
1386,-52.69457948390712,25
1387,-41.31605453096041,25
1388,-51.966759020086464,25
1389,-42.22639851025629,25
1390,-35.878980952215926,25
1391,-41.76029086147165,25
1392,-53.8179569170902,25
1393,-56.95899552542726,25
1394,-59.27228673213355,25
1395,-42.247388892452044,25
1396,-34.43651896955956,25
1397,-32.947662701354524,25
1398,-34.87569165886685,25
1399,-45.34942626003536,25
1400,-51.978315989358485,25
1401,-41.392926352555186,25
1402,-56.71094610470636,25
1403,-45.03443140917967,25
1404,-51.5907410613608,25
1405,-34.00153510610037,25
1406,-37.602953226491266,25
1407,-51.57152287644287,25
1408,-28.28769784278139,25
1409,-32.99298470111432,25
1410,-32.28351972132275,25
1411,-57.93865672064831,25
1412,-42.806189917503424,25
1413,-42.03778123652256,25
1414,-53.620307165186915,25
1415,-35.374502856657415,25
1416,-62.582785707016306,25
1417,-40.445086663531555,25
1418,-36.93028096512051,25
1419,-54.61288682843127,25
1420,-31.994467599024023,25
1421,-46.8201797106458,25
1422,-48.600274635650734,25
1423,-40.43869235128632,25
1424,-40.18577509623648,25
1425,-47.810877069176705,25
1426,-79.6634756609606,25
1427,-76.50913250770121,25
1428,-35.868892298534185,25
1429,-63.15241014256092,25
1430,-33.43909480645135,25
1431,-33.272381142917766,25
1432,-40.930422300362466,25
1433,-48.088075342805595,25
1434,-46.58423856910813,25
1435,-45.86117821583981,25
1436,-69.39562457817951,25
1437,-39.4914954881339,25
1438,-48.14756350933009,25
1439,-38.18933184303765,25
1440,-31.900980360325125,25
1441,-58.38224323726742,25
1442,-34.777801451942594,25
1443,-57.7847382772098,25
1444,-39.911630088779894,25
1445,-43.16678157940003,25
1446,-41.350002370471714,25
1447,-35.56664132976398,25
1448,-33.46166669898723,25
1449,-41.41974959870319,25
1450,-50.12482133560079,25
1451,-29.566255008922145,25
1452,-54.607460026194985,25
1453,-47.603437242093484,25
1454,-36.398602249408086,25
1455,-38.24561911175661,25
1456,-44.841741681535815,25
1457,-45.20243478499692,25
1458,-33.54768821317267,25
1459,-37.037278920695535,25
1460,-37.2387583847319,25
1461,-46.450650430189526,25
1462,-47.21012678215574,25
1463,-87.82035904101188,25
1464,-37.5160437000921,25
1465,-49.57334148038257,25
1466,-53.25139807773534,25
1467,-50.83032058511001,25
1468,-52.86256972015567,25
1469,-30.169245809117644,25
1470,-64.65082087493181,25
1471,-40.118548830949614,25
1472,-50.904601564459774,25
1473,-27.071597573406734,25
1474,-46.80510177838326,25
1475,-70.4106342421357,25
1476,-49.627937116005796,25
1477,-73.04662501928374,25
1478,-45.704615464805734,25
1479,-47.53233674068917,25
1480,-37.064590846734035,25
1481,-48.983756411841036,25
1482,-50.218104917201465,25
1483,-26.69327050861498,25
1484,-34.96476283963537,25
1485,-40.16294874995956,25
1486,-34.979482694084886,25
1487,-41.333158417320504,25
1488,-23.63377168487395,25
1489,-41.37512832542218,25
1490,-67.85439146602276,25
1491,-33.721919090209525,25
1492,-35.940001755409774,25
1493,-59.278966624660356,25
1494,-38.15945223708816,25
1495,-29.996871591069517,25
1496,-33.19160687672243,25
1497,-55.02385690427115,25
1498,-36.84165761156993,25
1499,-41.73280978521414,25
1500,-46.70499889744871,25
1501,-51.07512121061614,25
1502,-29.670953399388626,25
1503,-29.66615469222132,25
1504,-42.036649591402856,25
1505,-47.32438457799097,25
1506,-32.97647731927561,25
1507,-49.87959785434375,25
1508,-70.76861203769802,25
1509,-44.08883922275777,25
1510,-30.27318334494037,25
1511,-58.549759282536066,25
1512,-41.653598620610786,25
1513,-35.32063220153598,25
1514,-54.69127327954283,25
1515,-41.93164951919407,25
1516,-50.03028259296177,25
1517,-52.98071972289867,25
1518,-28.221238446365987,25
1519,-51.77933650023735,25
1520,-48.46401529983997,25
1521,-45.13419453507781,25
1522,-38.563591824394166,25
1523,-77.02001926195445,25
1524,-32.154900295283504,25
1525,-47.04532164226864,25
1526,-35.49642858483933,25
1527,-36.39893615321586,25
1528,-42.51672349638509,25
1529,-37.0597542403376,25
1530,-61.45567210231076,25
1531,-28.01220136078245,25
1532,-43.31546129896202,25
1533,-52.49615425097155,25
1534,-47.90830781446431,25
1535,-43.95021469180891,25
1536,-38.3979122925503,25
1537,-35.18898263256479,25
1538,-51.377260551199996,25
1539,-48.68412592866116,25
1540,-39.149062955566016,25
1541,-50.19312164444196,25
1542,-47.93092270182547,25
1543,-54.62470147840638,25
1544,-40.00318232058076,25
1545,-58.25386349393357,25
1546,-51.79343967186645,25
1547,-46.90915660141411,25
1548,-35.91688683972594,25
1549,-41.088441700223186,25
1550,-67.64459480933014,25
1551,-82.38232791294473,25
1552,-44.2345940193212,25
1553,-40.27766768313858,25
1554,-49.061917097856,25
1555,-49.931319108222105,25
1556,-40.333194417226935,25
1557,-37.98754315158509,25
1558,-40.285543618325384,25
1559,-46.87234684949053,25
1560,-31.805498468820492,25
1561,-44.306169879098505,25
1562,-39.254895622974146,25
1563,-37.14214168026352,25
1564,-44.98769713955923,25
1565,-58.27646923399014,25
1566,-26.826842482488967,25
1567,-36.96234728902192,25
1568,-45.759526186133996,25
1569,-58.12288977663463,25
1570,-50.778641488319785,25
1571,-38.21907871702547,25
1572,-51.399271301403516,25
1573,-46.104038580612155,25
1574,-35.219658512771204,25
1575,-61.18564217296605,25
1576,-53.94863898801781,25
1577,-35.05063125561362,25
1578,-75.97561983307065,25
1579,-73.37170204581635,25
1580,-32.380798033173335,25
1581,-51.16031755260712,25
1582,-62.002367711238726,25
1583,-32.868604754462496,25
1584,-53.52239103371024,25
1585,-46.503859187296534,25
1586,-54.63900476836386,25
1587,-62.23796629162246,25
1588,-34.05697910561496,25
1589,-50.092856259922605,25
1590,-63.79761600755482,25
1591,-36.443575955455394,25
1592,-56.39972139156811,25
1593,-45.508115977301046,25
1594,-33.50902735368614,25
1595,-32.58520051854653,25
1596,-46.24570125711235,25
1597,-60.11710263172986,25
1598,-36.999578563547296,25
1599,-68.10416806063198,25
1600,-48.71771206680875,25
1601,-37.95498803660076,25
1602,-51.68147295717877,25
1603,-41.23738829117739,25
1604,-39.607129311712896,25
1605,-65.98528684253887,25
1606,-42.43079816319804,25
1607,-57.06107013334189,25
1608,-50.220969060057456,25
1609,-59.073136963355374,25
1610,-35.40837159665875,25
1611,-49.820367147534746,25
1612,-49.32918289875022,25
1613,-47.95996969237934,25
1614,-40.852952330019555,25
1615,-44.01643786603495,25
1616,-53.209622355311836,25
1617,-52.09442593331531,25
1618,-41.91133020323151,25
1619,-36.63399981262656,25
1620,-96.43584778183521,25
1621,-45.97080337612933,25
1622,-35.060442032700166,25
1623,-58.33741189307072,25
1624,-46.410966364066645,25
1625,-56.15951533517243,25
1626,-43.29464450718995,25
1627,-43.73500227654751,25
1628,-55.00915058543789,25
1629,-45.49548290165508,25
1630,-32.76467805961096,25
1631,-36.44723243043934,25
1632,-45.992625906358235,25
1633,-52.48172504427399,25
1634,-70.55110840492468,25
1635,-41.535678597977096,25
1636,-36.070029498101064,25
1637,-60.69779746584799,25
1638,-52.546699238452305,25
1639,-95.29886817794505,25
1640,-28.954429331338446,25
1641,-36.08028171988574,25
1642,-28.96125959482169,25
1643,-42.450864908521204,25
1644,-43.52092328314273,25
1645,-65.12571064067205,25
1646,-38.193274251080446,25
1647,-52.31914109269212,25
1648,-35.72444419355483,25
1649,-36.662200222794894,25
1650,-25.783865423509525,25
1651,-45.69635806395944,25
1652,-55.25064042357425,25
1653,-56.895911205947634,25
1654,-34.45551740832693,25
1655,-59.007079527361824,25
1656,-45.49809778328096,25
1657,-66.18853830266264,25
1658,-43.4311571854348,25
1659,-55.087288323715576,25
1660,-37.62008116743016,25
1661,-39.49459256147826,25
1662,-46.610639280865826,25
1663,-44.907098971322405,25
1664,-59.167336655703025,25
1665,-35.63489342400156,25
1666,-44.72847108340122,25
1667,-52.28227596162652,25
1668,-38.75061001060792,25
1669,-44.89914935640188,25
1670,-61.5336713863177,25
1671,-51.00745617575625,25
1672,-41.146535970011335,25
1673,-42.71484767042374,25
1674,-47.021305025519,25
1675,-40.19760804114541,25
1676,-49.84304212720056,25
1677,-31.111122766729878,25
1678,-59.02436609757245,25
1679,-36.96278424391944,25
1680,-55.662724171022816,25
1681,-40.76230389151357,25
1682,-48.93205215462651,25
1683,-41.67403269153894,25
1684,-39.02179958464417,25
1685,-45.59239717135092,25
1686,-57.414952135947914,25
1687,-37.926413178715,25
1688,-65.31772117012203,25
1689,-59.57747033043241,25
1690,-44.36656827116287,25
1691,-40.13637188862006,25
1692,-33.804821141235685,25
1693,-39.60865489649873,25
1694,-39.7375677230839,25
1695,-43.725715355447456,25
1696,-48.252706758820835,25
1697,-43.16990718429247,25
1698,-30.695713171279223,25
1699,-54.808343658868864,25
1700,-45.60207536191894,25
1701,-41.39593418555621,25
1702,-51.60959307439408,25
1703,-62.377631874330255,25
1704,-54.86933713981993,25
1705,-54.0018777881444,25
1706,-58.250624014136534,25
1707,-86.61981466987302,25
1708,-67.66189394097682,25
1709,-35.320647499305025,25
1710,-48.854365522285974,25
1711,-40.786678303233664,25
1712,-36.51152936559126,25
1713,-44.51773662830156,25
1714,-37.77803772804958,25
1715,-49.48136312405868,25
1716,-36.8596826409861,25
1717,-64.10437266253058,25
1718,-69.74911221278923,25
1719,-62.79007791105115,25
1720,-53.76646097994141,25
1721,-36.31650653444128,25
1722,-46.38651764859227,25
1723,-35.14588627333663,25
1724,-42.47414308736732,25
1725,-37.54999068348693,25
1726,-39.899559216584464,25
1727,-42.58748271764021,25
1728,-59.491268767346,25
1729,-38.41282076012581,25
1730,-59.36982726802022,25
1731,-51.823223949152556,25
1732,-41.541506328004175,25
1733,-43.9953017112654,25
1734,-42.45445309426272,25
1735,-40.9401201521166,25
1736,-39.22213779860068,25
1737,-49.50004910085629,25
1738,-56.4444360005265,25
1739,-33.013844886358015,25
1740,-46.07027118246805,25
1741,-51.473984098555185,25
1742,-44.30792551703166,25
1743,-44.3382236726429,25
1744,-35.31455971129402,25
1745,-45.11972933585712,25
1746,-36.467716555077885,25
1747,-39.19126669233441,25
1748,-33.12554287458844,25
1749,-26.424572731826295,25
1750,-54.14547595947527,25
1751,-35.17859051566548,25
1752,-33.815732632835335,25
1753,-70.3299832932874,25
1754,-44.36109758122277,25
1755,-40.80225179912836,25
1756,-47.159324665947054,25
1757,-68.3279476617706,25
1758,-88.29262738541472,25
1759,-85.16153479060264,25
1760,-28.640232346691732,25
1761,-62.07010204972605,25
1762,-37.01801529628277,25
1763,-60.11863072661878,25
1764,-35.61441653603315,25
1765,-47.52896197320904,25
1766,-36.194094553831405,25
1767,-32.56242884859294,25
1768,-78.87779912070376,25
1769,-56.14907275460048,25
1770,-58.12983490234556,25
1771,-48.58079299083375,25
1772,-55.191677171584985,25
1773,-59.030096147257574,25
1774,-56.08388365305157,25
1775,-34.21943953052463,25
1776,-64.89895796132572,25
1777,-56.62723785747946,25
1778,-80.5045638814029,25
1779,-58.28996891042802,25
1780,-42.90610964604734,25
1781,-79.72189703478276,25
1782,-46.29204802729129,25
1783,-32.526611678028615,25
1784,-41.55540076311539,25
1785,-67.03040590386043,25
1786,-38.65933529741274,25
1787,-51.610192289626575,25
1788,-55.265256603293295,25
1789,-48.62980719112547,25
1790,-45.110102760771284,25
1791,-42.26746307549896,25
1792,-70.85212949851375,25
1793,-47.41728090965228,25
1794,-62.709144994302996,25
1795,-48.05832344289079,25
1796,-40.44388021457901,25
1797,-38.819877291970926,25
1798,-54.58949921422462,25
1799,-55.035215293810765,25
1800,-44.09337962424024,25
1801,-35.5920119145073,25
1802,-70.14335576020989,25
1803,-38.287891955407794,25
1804,-34.49032239344079,25
1805,-61.821801482560524,25
1806,-49.29776616891496,25
1807,-67.16311759627155,25
1808,-35.295481117829404,25
1809,-69.15503870268083,25
1810,-82.773617662287,25
1811,-70.9764355106484,25
1812,-49.80421196904764,25
1813,-48.990673373005194,25
1814,-57.67478841593757,25
1815,-62.60620987568702,25
1816,-45.40304121006464,25
1817,-39.5527845753625,25
1818,-87.00150191417208,25
1819,-25.911819218171974,25
1820,-64.56745639492564,25
1821,-54.65817421653254,25
1822,-46.01031671923106,25
1823,-58.148759215108946,25
1824,-41.92154930866566,25
1825,-57.71091257110046,25
1826,-72.21611268291987,25
1827,-40.839715344219336,25
1828,-52.54349972077338,25
1829,-34.109344156803004,25
1830,-47.07604945633646,25
1831,-39.99765382626682,25
1832,-30.809999657388218,25
1833,-92.36821004742735,25
1834,-63.55252686395273,25
1835,-75.73074908362283,25
1836,-46.188584885354224,25
1837,-69.48493989850212,25
1838,-62.3022605564919,25
1839,-90.20875133647712,25
1840,-60.83618293131071,25
1841,-70.4287024280293,25
1842,-72.08092868208298,25
1843,-81.1088518085512,25
1844,-47.769418583442544,25
1845,-38.84989906001017,25
1846,-43.71457065640551,25
1847,-42.232797055202695,25
1848,-65.6270865907643,25
1849,-53.76426369339464,25
1850,-52.581104569070085,25
1851,-33.87844453465606,25
1852,-65.83404611411683,25
1853,-47.064115130814585,25
1854,-47.8781978192867,25
1855,-45.72440953970523,25
1856,-46.41468881633557,25
1857,-43.642736605462446,25
1858,-39.14903532783836,25
1859,-56.36568858922874,25
1860,-53.113096837182894,25
1861,-51.607284714248934,25
1862,-50.59374055858953,25
1863,-39.993055602096156,25
1864,-60.20151211059485,25
1865,-38.737011961611834,25
1866,-44.552001669181884,25
1867,-43.493492799719746,25
1868,-57.01468295166781,25
1869,-54.20844169558991,25
1870,-44.28704318720954,25
1871,-57.17435644684882,25
1872,-50.17951375075684,25
1873,-44.299195585296864,25
1874,-56.04467005335794,25
1875,-59.64059023691663,25
1876,-46.98161209325985,25
1877,-40.734369154817585,25
1878,-55.388887164033875,25
1879,-53.3197994335097,25
1880,-54.013218592130386,25
1881,-79.99858116822405,25
1882,-43.706276295550104,25
1883,-51.055487374536874,25
1884,-31.227919679725982,25
1885,-56.12479410928494,25
1886,-46.49803944588044,25
1887,-47.15490254422239,25
1888,-78.07428362844,25
1889,-43.10434601501118,25
1890,-75.25051299271699,25
1891,-60.65601918128789,25
1892,-62.28340143117429,25
1893,-47.566413143909486,25
1894,-60.7676061780874,25
1895,-46.42278557930739,25
1896,-73.9269793646624,25
1897,-70.04382422386666,25
1898,-48.57468995311517,25
1899,-78.94111867512464,25
1900,-58.874534370875494,25
1901,-71.13735310565848,25
1902,-46.79273700448873,25
1903,-34.47427905683076,25
1904,-51.876886018482175,25
1905,-58.62704351509413,25
1906,-77.03573571691473,25
1907,-62.089118866522455,25
1908,-49.071290891606196,25
1909,-46.185918575555355,25
1910,-37.676244092813135,25
1911,-49.58183169950615,25
1912,-44.46954248564397,25
1913,-60.55161891852592,25
1914,-58.433159718407126,25
1915,-43.42092464115318,25
1916,-44.649791096095015,25
1917,-90.61450448490015,25
1918,-32.13546686936295,25
1919,-61.17500633091299,25
1920,-46.05067697530879,25
1921,-52.16427627731379,25
1922,-63.030512414272884,25
1923,-49.59204765890717,25
1924,-40.99556285943353,25
1925,-48.77691009330654,25
1926,-65.69864959604215,25
1927,-52.72970314597481,25
1928,-29.463886847536347,25
1929,-61.597201337786714,25
1930,-63.90798976057739,25
1931,-54.84116248424291,25
1932,-59.18306342146049,25
1933,-43.52734194704365,25
1934,-30.07912750801627,25
1935,-37.939938897045664,25
1936,-49.56286980126817,25
1937,-42.86705350502646,25
1938,-54.86618834375009,25
1939,-48.777410339608636,25
1940,-56.68702872548136,25
1941,-63.27318796938009,25
1942,-75.13919103464193,25
1943,-58.83226446155285,25
1944,-41.631303306595846,25
1945,-70.9790540206741,25
1946,-61.14804727845162,25
1947,-54.592260692872145,25
1948,-41.271972953953636,25
1949,-31.962749840669623,25
1950,-76.88395224064564,25
1951,-47.590935514382714,25
1952,-67.30928385151907,25
1953,-38.47055633547631,25
1954,-52.95196480130073,25
1955,-53.17294729856354,25
1956,-57.77911744797367,25
1957,-26.664979098679424,25
1958,-31.597645004683528,25
1959,-60.53940849912481,25
1960,-53.20634468217245,25
1961,-55.66626402046971,25
1962,-42.99952406929737,25
1963,-50.721496338471574,25
1964,-41.91410549605394,25
1965,-52.29078823531068,25
1966,-64.28203343880416,25
1967,-44.8431856022362,25
1968,-35.99836082522369,25
1969,-46.0944406687071,25
1970,-34.25051145820969,25
1971,-40.27188984164568,25
1972,-33.732208551404774,25
1973,-54.19962540709517,25
1974,-45.085529941987694,25
1975,-40.47714695099966,25
1976,-56.3209244923106,25
1977,-42.18776852594909,25
1978,-37.81814369738744,25
1979,-47.2955107341148,25
1980,-55.359861673226995,25
1981,-50.066766595223235,25
1982,-49.44931425596871,25
1983,-70.78302448486234,25
1984,-32.060362790986005,25
1985,-74.80365878738343,25
1986,-55.91487809754295,25
1987,-52.536876457288635,25
1988,-42.55655628932249,25
1989,-70.2557117492251,25
1990,-39.53605038875162,25
1991,-62.373122354009716,25
1992,-49.65240975035543,25
1993,-70.15190879344077,25
1994,-40.85384948485822,25
1995,-50.54776495583073,25
1996,-48.40923847146595,25
1997,-60.45179548224612,25
1998,-37.494651928147476,25
1999,-40.99708057643875,25
2000,-47.125971742747865,25
